Subject,Sentence_Type,Adjective,Polarity,Expected_response,Response,Accuracy,RT,MaxDeviation,MaxDeviation.Time,MaxDeviation.Time.Norm,MaxDeviationBorder,MaxDeviationBorder.Time,MaxDeviationBorder.Time.Norm,MaxRatio,MaxLogRatio,MaxRatio.Time,MaxRatio.Time.Norm,MaxDifference,MaxDifference.Time,MaxDifference.Time.Norm,AccPeak,AccPeak.Time,AccPeak.Time.Norm,Int.Ratio.AccPeak,Int.LogRatio.AccPeak,Int.Difference.AccPeak,Int.X.AccPeak,Local.Maxima.Acc,Len.Local.Maxima,Delay,Ratio.Acc
0,calibration,null,straight,right,true,null,1535,0.0775272916750645,1181.95,77,0.996073870083188,368.4,24,0.7119335050461953,-0.3397707637204974,353.05,23,-0.4118173943149779,353.05,23,6.977867414670258e-05,506.55,33,22.590601646309572,-12.648512584815634,-14.793104585410417,1.0267188033451355,"[[6.977867414670258e-05, 33]]",1,355,-0.7931063286344753
0,calibration,null,straight,left,false,null,1470,0.19679437517755333,441.0,30,1.0138921555666758,220.5,15,1.357687880316354,0.30578316495565894,220.5,15,0.39491235402090963,220.5,15,0.00020259694967505868,338.09999999999997,23,31.106555105801224,6.94330993933894,8.795085051003069,-0.29660024166716825,"[[0.00020259694967505868, 23]]",1,235,0.2621375589524075
0,calibration,null,deviated,left,false,null,2682,1.5331949682039023,1582.38,59,2.1101549770517014,1582.38,59,200.44391735391454,5.300534493673818,1180.08,44,2.0,1609.2,60,0.00015686903868182087,1662.84,62,2835.4531647346803,146.5187187535659,84.72480235402978,39.3221468880011,"[[8.230985227220645e-05, 17], [0.00015686903868182087, 62]]",2,217,5.144107140406049
0,calibration,null,deviated,right,true,null,2274,1.590706503734441,1341.6599999999999,59,2.201962973716716,1341.6599999999999,59,1.0,0.0,1455.36,64,0.0,1455.36,64,6.827866038925222e-05,1591.8,70,56.10217180656666,-30.864938033011867,-11.856954005484699,-48.619692842229504,"[[5.4436626180184004e-05, 18], [5.139583277410809e-05, 21], [9.292913830502553e-05, 66], [6.827866038925222e-05, 70]]",4,221,-4.795334016230067
0,calibration,null,uncertain,right,true,null,2385,0.9499767708174517,1669.5,70,1.5109851953261546,1669.5,70,0.7689767578683988,-0.2626945337714755,357.75,15,-0.3399912658328803,357.75,15,0.0001280635325333888,1741.0500000000002,73,33.82209249364337,-62.232276248170805,-45.817105460227104,1.741791450786022,"[[9.215490757555728e-05, 47], [0.0001280635325333888, 73]]",2,375,-1.7957714147647912
0,calibration,null,uncertain,left,false,null,2348,0.9450279526316359,1479.24,63,1.5121934380598692,1455.76,62,17.598464841233856,2.867811673309896,1878.4,80,1.3466258079187199,1479.24,63,0.00014776696516181892,1784.48,76,328.2829235365102,88.56327816239327,60.91369553283432,9.253000944884946,"[[0.00014776696516181892, 76]]",1,214,2.2135068230114356
0,practice,null,null,null,true,null,1014,0.12004068739730302,283.92,28,0.9229896819841864,456.3,45,0.6970104823722632,-0.36095482906316223,283.92,28,-0.4631283074693029,365.04,36,0.00028923776037530555,496.86,49,33.70501693530488,-18.374354195641484,-23.144532708718437,4.80453937363802,"[[0.00028923776037530555, 49]]",1,285,-0.665964777961586
0,practice,null,null,null,true,null,1293,0.15868630843205989,1293,100,1.0459039983325074,168.09,13,0.7513376420789742,-0.28590013826797933,142.23,11,-0.35951097964923795,142.23,11,0.00024939668482391604,219.81,17,12.543692477100722,-5.190114906633918,-6.395009949473083,-0.5636733539390861,"[[0.00024939668482391604, 17]]",1,148,-0.5499085217632732
0,practice,null,null,null,false,null,1398,0.12904441377461665,768.9,55,1.0936203607655868,629.1,45,1.4328676185031484,0.3596777639109519,643.08,46,0.4607136364529838,629.1,45,0.0002549200279346318,740.94,53,75.45832822039199,18.713782915823785,23.661725786057165,3.479887014327859,"[[0.00016187851348369435, 49], [0.0002549200279346318, 53]]",2,637,0.22173995180313302
0,practice,null,null,null,true,null,990,0.12163230426248003,0,0,1.1057001522316907,217.8,22,0.7643728063898996,-0.26869964235361676,0,0,-0.32681402401857973,0,0,0.00023747395575063202,306.90000000000003,31,22.19150588189533,-10.928728667012777,-12.204961203445825,-1.6976703760069418,"[[0.00026946197298377, 27], [0.00034911425430601264, 29], [0.00023747395575063202, 31]]",3,199,-1.4116049229269434
0,practice,null,null,null,true,null,1253,0.08156742098573518,601.4399999999999,48,1.0392599812325982,513.73,41,0.7326139010241779,-0.3111364539004668,488.66999999999996,39,-0.3774195535455054,488.66999999999996,39,0.00011858912646949219,639.03,51,35.901752966284704,-18.353599131436223,-21.25457138364606,-0.5264254371312582,"[[0.00016981002412403326, 49], [0.00011858912646949219, 51]]",2,494,-1.1717791613051
0,practice,null,null,null,true,null,1236,0.354981907283043,679.8,55,1.1256322035314184,247.2,20,0.7846738400637949,-0.24248713790435908,0,0,-0.3037128188992786,0,0,0.000349320231013426,358.44,29,20.557832149725904,-11.33087038127719,-12.073392085771774,-1.1931991571939178,"[[0.00025368270090997446, 25], [0.000349320231013426, 29]]",2,220,-2.1496501145439053
0,EI,B/S,P,true,true,1,2130,1.306803551775732,1405.8,66,1.8797281443711178,1405.8,66,0.7754626675369087,-0.25429543738644605,1022.4000000000001,48,-0.07995005404090125,1086.3,51,0.00031403913838941766,1491.0,70,41.467576416237016,-46.51408170851575,-21.812465796674665,-19.06545294082965,"[[0.00031403913838941766, 70]]",1,894,-4.309427663055956
0,EI,B/D,P,true,true,1,2080,1.5700397296908981,852.8000000000001,41,2.0787114383735963,852.8000000000001,41,1.0,0.0,1185.6000000000001,57,0.0,1185.6000000000001,57,0.0002403357701867136,1248.0,60,47.11297050392084,-20.496922953926607,-14.711827664655761,-25.98455717742142,"[[0.0001358916630292504, 32], [0.0002403357701867136, 60]]",2,586,-4.25081163124855
0,EI,F/S,P,false,false,1,1463,1.920517372697063,614.46,42,2.508796003046256,614.46,42,177.27754798389202,5.177716572144967,980.21,67,2.0,965.58,66,0.00034001173044379397,980.21,67,549.2305933459246,92.20642152636464,93.09064241731008,55.97512440531177,"[[0.0002522373316107529, 23], [0.00034001173044379397, 67]]",2,259,5.177716572144967
0,EI,L/Q,N,true,true,1,970,0.13610601584512388,863.3,89,0.9728198102335057,349.2,36,0.7242261133525357,-0.3226516240950222,0,0,-0.41079589569171304,0,0,0.0001651324351385236,465.59999999999997,48,31.7452580253774,-21.734170233067026,-24.61870484057321,4.697347232348921,"[[0.0001815353451767822, 42], [0.0002748774655290269, 45], [0.0001651324351385236, 48]]",3,314,-1.9420721654395923
0,EI,H/C,N,true,true,1,1035,0.1660608760853104,175.95,17,0.9362777161840049,238.04999999999998,23,0.7350914531508851,-0.307760361453954,175.95,17,-0.4156378189857819,175.95,17,8.530223359429428e-05,403.65,39,25.254029873288975,-18.448083393486453,-21.59821342365992,6.263066379494179,"[[0.00013352305130013146, 28], [9.034685672038831e-05, 36], [8.530223359429428e-05, 39]]",3,178,-1.5803991075538024
0,EI,B/S,N,true,true,1,803,0.08719724201420119,610.28,76,1.0160059213829158,240.89999999999998,30,0.7394089568762877,-0.30190411884417456,224.83999999999997,28,-0.3808652732373423,224.83999999999997,28,0.00047972046160503246,353.32,44,30.51706616034074,-16.7043462498811,-19.678389356465615,1.5205201273597162,"[[0.00047972046160503246, 44]]",1,225,-1.1459423965326196
0,EI,F/S,P,true,true,1,814,0.11464913754327706,0,0,0.9395997247339595,162.8,20,0.7191411860492506,-0.32969757607457634,0,0,-0.42860584375695954,0,0,0.00014293012194201154,366.3,45,25.250093138252062,-36.409489326071125,-32.071769190991795,10.90764488543407,"[[0.00018167810792905562, 30], [0.00027386552343830586, 34], [0.00016809320710758796, 36], [0.00020415713067697066, 39], [0.00014293012194201154, 45]]",5,126,-5.063795617067631
0,EI,B/D,P,false,false,1,1643,1.6077669205083465,1133.67,69,2.233069293400022,1133.67,69,184.85800238282758,5.219587975669988,1215.82,74,2.0,1199.3899999999999,73,0.00040017956638900624,1232.25,75,713.7283897005927,109.09606581040873,91.08459638556727,45.70632283063276,"[[0.00040017956638900624, 75]]",1,428,5.05221512655865
0,EI,B/S,P,false,false,1,1458,1.4956850321757096,801.9,55,2.0536808317024726,801.9,55,200.51961169158847,5.300912055886289,568.62,39,2.0,831.0600000000001,57,0.0005201290715718349,874.8,60,2446.9673022985535,140.35310698223768,74.43979108372672,31.778500585015912,"[[0.0005201290715718349, 60]]",1,272,4.969367645149396
0,Control,1,N,true,true,1,1883,0.09987232218315435,583.7299999999999,31,1.0558700239823713,451.91999999999996,24,0.749106858220046,-0.28887363779047887,0,0,-0.3575757105361903,0,0,4.6036232105271456e-05,602.56,32,22.602586948987177,-11.660107847449076,-13.314866363680027,-0.4683837681758678,"[[7.127260044765625e-05, 28], [5.208962452287868e-05, 30], [4.6036232105271456e-05, 32]]",3,430,-1.3397977986126628
0,EI,B/D,P,true,true,1,1872,0.14128470023240836,1029.6,55,1.0425819897825528,1029.6,55,0.7642907533638229,-0.26880699498282273,1029.6,55,-0.34994905391558806,1029.6,55,7.986071454809848e-05,1160.6399999999999,62,46.21232655516854,-18.713236196178197,-23.54886287883873,-1.1017072118193627,"[[0.00015554337640088627, 59], [7.986071454809848e-05, 62]]",2,1036,-1.3543422317575677
0,Control,3,N,false,false,1,1503,0.16038525343151344,661.3199999999999,44,1.0604002752660404,0,0,1.385062645738274,0.32574537019636596,480.96,32,0.4260028640598368,0,0,0.0001686813481660643,526.05,35,48.45775528778225,11.386996346499565,14.799415088039805,1.8523682413061677,"[[0.0001686813481660643, 35]]",1,485,0.31188412070647276
0,EI,H/C,N,false,false,1,2319,1.4613388596720842,1043.55,45,2.0536808317024726,1043.55,45,187.97985991764722,5.236334828993703,1089.93,47,2.0,1066.74,46,0.00021132055543838564,1113.1200000000001,48,992.3716962636848,90.08208073996875,59.1915953860976,26.859407825588924,"[[0.00021132055543838564, 48]]",1,317,5.086723299033014
0,Control,2,N,false,false,1,1470,0.1942308399145151,0,0,1.1932806172642254,955.5,65,2.9158684152952095,1.070167688058015,1161.3,79,0.5507429932669543,955.5,65,0.0002473930812292576,1073.1,73,112.55868010195904,31.60974804742247,39.813137694288464,13.240163239555056,"[[0.0002473930812292576, 73]]",1,970,0.44182900962866034
0,EI,B/S,P,true,true,1,964,0.12988724587439734,964,100,1.0425819897825528,347.04,36,0.7529252126463012,-0.28378937530954046,279.56,29,-0.36215779835712514,289.20000000000005,30,0.00010865965191664545,539.84,56,34.9112685936568,-34.279504869178155,-32.40572158759857,5.952067509772212,"[[0.00011150862592211498, 41], [0.00015625430833921748, 43], [0.00018728483490717185, 47], [0.00012791218330207924, 50], [0.00012059309492037386, 52], [0.00010865965191664545, 56]]",6,286,-3.037129131715154
0,EI,B/D,P,false,false,1,1185,0.20194242952857924,556.9499999999999,47,1.1467724975648608,343.65,29,1.4543749049388615,0.3745761897122246,367.34999999999997,31,0.4933093663617847,343.65,29,0.00039990589967080995,450.3,38,55.11455686248609,14.128047497485063,18.351410188505497,4.781886118475782,"[[0.00039990589967080995, 38]]",1,354,0.3174292600809973
0,EI,H/C,P,true,true,1,933,0.3182776115524482,569.13,61,1.0691580581821898,223.92000000000002,24,0.745621934959142,-0.29353659683863415,186.6,20,-0.35533720172879124,186.6,20,0.0003772561433676645,345.21,37,23.79650592976081,-19.402332061595754,-19.503346021639505,2.0746506579138213,"[[0.00026091045900046073, 28], [0.00031999303485017713, 31], [0.0003772561433676645, 37]]",3,192,-2.51640958188557
0,EI,B/D,N,false,false,1,1777,1.6743224120481583,906.27,51,2.299357887325579,906.27,51,194.17140435301388,5.268741296575428,1155.05,65,2.0,1137.28,64,0.0004957332361562865,1172.82,66,662.6285310008693,96.36187249465455,83.2240366788252,44.08463744370545,"[[0.0004957332361562865, 66]]",1,57,5.035188499229281
0,EI,L/Q,P,true,true,1,921,0.05809910928548546,644.7,70,1.0126839128329612,294.72,32,0.7238313082527368,-0.32319691339597256,55.260000000000005,6,-0.3951809970719329,55.260000000000005,6,0.00018730833444859714,423.66,46,29.647910836746647,-23.156628855358107,-24.19716822164918,3.60106441073262,"[[0.0002363843523177333, 37], [0.00021366952293582162, 39], [0.00020838897782951516, 42], [0.00018730833444859714, 46]]",4,49,-2.404821581204107
0,Control,3,P,true,true,1,1223,0.1743068840742308,0,0,1.0126839128329612,415.82,34,0.7652916420893406,-0.2674982863165275,0,0,-0.3600080884818986,0,0,0.00019631756314907606,489.20000000000005,40,29.567794164489893,-12.373341028549524,-15.832119660909708,0.5162678228813615,"[[0.00021799078521446608, 37], [0.00019631756314907606, 40]]",2,360,-1.0308064361567733
0,EI,F/S,N,true,true,1,1062,0.09083508359042602,371.7,35,0.9761418187834604,297.35999999999996,28,0.7205389837320664,-0.32775575850790684,0,0,-0.41263699615091554,0,0,0.00034739712975618864,371.7,35,24.08155095857127,-13.460709371801892,-15.934896694977477,1.7459312883102955,"[[0.0002832452202562827, 32], [0.00034739712975618864, 35]]",2,267,-1.2388171002119808
0,EI,B/D,N,true,true,1,2194,0.2742431630074389,1382.22,63,0.9163456648842772,1250.5800000000002,57,0.7081367031305699,-0.34511812040888656,1206.7,55,-0.4484155189412451,1228.64,56,0.00019052520390346392,1338.3400000000001,61,42.93201119518973,-21.461753628252957,-28.011448672136197,6.093019762323327,"[[0.00019052520390346392, 61]]",1,1184,-0.6982122574461685
0,EI,H/C,P,false,false,1,2034,1.6469427842629283,671.22,33,2.2496793361497955,671.22,33,195.64365814219835,5.276294933831033,1322.1,65,2.0,1301.76,64,0.00030532268488777005,1342.44,66,748.7995526501032,117.63058308523127,101.89251998113498,58.30308937543985,"[[0.00017400321907628085, 19], [0.00030532268488777005, 66]]",2,296,5.109513336602309
0,Control,1,P,true,true,1,1120,0.11194840004364037,918.4,82,0.9661757931335965,436.79999999999995,39,0.7220017612536891,-0.3257277006827445,0,0,-0.4153851088799225,0,0,0.00027340961858791934,537.5999999999999,48,33.442126912558756,-17.69996648879188,-21.693923043844496,2.893502809501474,"[[0.00016069872885882087, 43], [0.00021642105020672957, 45], [0.00027340961858791934, 48]]",3,425,-1.1205143783104972
0,Control,1,P,false,false,1,1754,1.58479375750933,982.24,56,2.199849207900476,964.6999999999999,55,187.90639822857673,5.23594395708278,1262.8799999999999,72,2.0,1245.34,71,0.00042293117597094586,1280.4199999999998,73,795.5864255526724,116.94942368724148,94.14065063153434,48.341372534525426,"[[0.00042293117597094586, 73]]",1,416,5.044782258762494
0,EI,L/Q,N,false,true,0,1197,0.2073011982826447,0,0,1.1621742975809193,323.19,27,0.8030681635845219,-0.2193156824804398,0,0,-0.27688891665501547,0,0,0.0002708499763777007,430.92,36,27.52389914920627,-10.097750087997058,-11.79111214376658,-4.34404412583297,"[[0.00027580653370305465, 32], [0.0002708499763777007, 36]]",2,307,-1.1803263896170642
0,Control,2,P,false,false,1,1316,0.13608398614046113,0,0,1.0570782667160858,407.96,31,1.4912952547149287,0.3996450408026788,671.16,51,0.41960786889960633,407.96,31,0.00010840675847733171,921.2,70,97.5908501331337,23.202060565068102,20.974627010194872,-17.340822435032084,"[[0.0001336117732117408, 41], [0.00010969267142228876, 44], [7.420575059956099e-05, 68], [0.00010840675847733171, 70]]",4,413,0.2756830378922702
0,EI,L/Q,P,false,true,0,2172,0.2689723408674383,543.0,25,0.9362777161840049,325.79999999999995,15,0.7263695902287493,-0.3196963162432375,0,0,-0.4260134760932499,304.08,14,0.00017424361049270216,390.96,18,12.699225495941475,-6.36670580796705,-8.19983390631448,1.636643971372857,"[[0.00017424361049270216, 18]]",1,293,-0.8800462824198323
0,EI,H/C,P,false,false,1,1288,0.2432897603639065,437.92,34,1.1932806172642254,437.92,34,1.4784298163695744,0.39098058970081173,553.84,43,0.5079191332641619,437.92,34,0.00011040360899513863,978.8800000000001,76,108.49834998494342,27.029556324648212,24.134409865941127,-19.17965010318776,"[[0.0001150646285215529, 38], [0.00018154943254485264, 42], [0.00011040360899513863, 76]]",3,447,0.1277334805585993
0,Control,2,P,true,true,1,1286,0.193839273809199,655.86,51,1.0525480154324167,0,0,0.7336506239825548,-0.30972235281099003,0,0,-0.3713661040300982,0,0,0.00013902834253059907,540.12,42,30.008509588115174,-14.274653186471822,-16.888787708681924,-0.9132532710299445,"[[0.0001383567918324437, 40], [0.00013902834253059907, 42]]",2,440,-0.880399218664852
0,EI,B/S,P,false,false,1,1705,1.4959822061235877,1005.95,59,2.1201210027015653,988.9000000000001,58,192.48607223764535,5.260023799098074,1057.1000000000001,62,2.0,1023.0,60,0.00031100961626413944,1074.15,63,727.2683477638665,84.76208241664885,63.24487002963772,26.515132065126693,"[[0.00031100961626413944, 63]]",1,493,5.124009020140983
0,EI,L/Q,P,false,false,1,2557,1.6987845281364258,1662.05,65,2.2397133104999316,1764.33,69,187.10301576088648,5.231659351594218,1866.6100000000001,73,2.0,1841.04,72,0.00019626629701752403,1892.18,74,850.6886280742199,135.2844026380581,107.54394297430566,56.91695047417688,"[[0.00019626629701752403, 74]]",1,387,5.0029497169787325
0,Control,1,N,false,false,1,1894,1.5760913361867563,1268.98,67,2.1765951480507937,1268.98,67,197.82712376185026,5.287393536996081,1344.74,71,2.0,1325.8000000000002,70,0.0003239639742193868,1363.68,72,937.6698531245199,129.47371849388549,94.39864183437577,45.16388882642733,"[[0.0003239639742193868, 72]]",1,387,5.131415442387267
0,EI,L/Q,N,false,false,1,2279,1.3748552824637936,843.23,37,1.8343554076774056,843.23,37,183.43554076774055,5.211863329312514,843.23,37,1.8343554076774056,843.23,37,0.00019166036311640667,1640.8799999999999,72,6907.111432172777,210.21172746913078,81.35780094716527,27.213357877358213,"[[0.00020354374618204393, 32], [0.00019166036311640667, 72]]",2,622,4.903599840811681
0,EI,H/C,N,false,false,1,2065,1.5340422395686204,1094.4499999999998,53,2.12327503751093,1094.4499999999998,53,191.47577969888317,5.2547613238536055,949.9,46,2.0,1383.55,67,0.00033178244475084095,1424.85,69,1162.0226048206719,113.75936191164935,80.22120861758717,37.33936984610606,"[[0.00033178244475084095, 69]]",1,421,4.968545089526508
0,EI,B/D,N,true,true,1,2370,1.490393659967701,1279.8,54,2.051787665198227,1279.8,54,1.0,0.0,1540.5,65,0.0,1516.8,64,0.00035099714740146633,1587.8999999999999,67,53.897712601611616,-18.123058547793004,-15.251312703352715,-28.123018863511298,"[[0.00035099714740146633, 67]]",1,781,-4.070339232204867
0,Control,3,N,true,false,0,2409,0.0930971546451945,2192.19,91,1.0105701470167212,1517.67,63,1.3803669447760267,0.3223493658350525,1517.67,63,0.4039670040160881,1517.67,63,0.0001057565793291741,1662.21,69,95.227826967411,22.22941540992794,27.539618230023198,-0.08916242387980855,"[[0.0001057565793291741, 69]]",1,1527,0.3197191385072404
0,EI,H/C,N,true,true,1,1487,0.1274216754861928,475.84,32,1.0525480154324167,505.58,34,0.7623495670384124,-0.2713500790945818,475.84,32,-0.3479208748155169,475.84,32,0.0002138713565360297,609.67,41,30.14413659115604,-13.079022870323751,-15.831977373050172,-1.0180021914612567,"[[0.00017082334863639353, 38], [0.0002138713565360297, 41]]",2,484,-1.4345233281765402
0,EI,F/S,N,false,false,1,1786,0.2070529958488549,1160.8999999999999,65,0.977350061517175,1000.16,56,1.3225826151982016,0.2795863517581559,1000.16,56,0.364237820302292,1000.16,56,0.0001910111393140496,1071.6,60,79.25276417576659,16.697089197656535,21.67293195539527,-1.7274976573926515,"[[0.0001910111393140496, 60]]",1,1003,0.23400816469180494
0,EI,L/Q,N,true,true,1,1375,0.15255643680112926,742.5,54,1.02887870451399,687.5,50,0.7406609621772814,-0.30021229931118387,605.0,44,-0.3862238958038213,605.0,44,0.0002590251515094094,756.25,55,39.721397893645474,-18.240078112517953,-22.352600605741316,0.45361301547161675,"[[0.0002590251515094094, 55]]",1,606,-1.2391904412455441
0,EI,F/S,P,true,true,1,1900,1.1546628806410324,760.0,40,1.7933559220722974,741.0,39,0.7562474766644938,-0.2793866062846441,646.0,34,-0.0890278067295428,703.0,37,0.0001882624882303462,1045.0,55,37.19697184615063,-22.802504704895682,-15.892067153131032,-16.69026813050957,"[[0.0001882624882303462, 55]]",1,464,-2.3280024051641193
0,Control,3,P,false,false,1,1621,0.17557773525967205,1037.44,64,1.100264377865496,810.5,50,11.628544536893658,2.453462811398365,972.6,60,0.46660136739728597,810.5,50,0.0001817256570874103,891.5500000000001,55,79.00962435721121,19.922538881892443,25.36958495750725,4.922668963450413,"[[0.0001817256570874103, 55]]",1,821,0.3383484382857768
0,EI,B/S,N,false,false,1,2147,1.5860094311511617,837.3299999999999,39,2.226425276300113,837.3299999999999,39,195.71617188438466,5.276665507085887,1223.79,57,2.0,1180.85,55,0.0002737738593015237,1245.26,58,616.5702714755714,81.76978078554795,67.37547379439746,31.604540867527778,"[[0.00018547116795049847, 27], [0.0002737738593015237, 58]]",2,445,5.090458548446032
0,EI,F/S,N,true,true,1,2092,0.20550760553046082,1422.5600000000002,68,1.0292939555827343,1150.6000000000001,55,0.7523560044432369,-0.28454565689165606,0,0,-0.36491394885411665,0,0,0.00014472970649640268,1255.2,60,44.53168422044313,-18.0439251489945,-22.790266028326258,-1.0109832972778083,"[[0.00014472970649640268, 60]]",1,1137,-0.955415245871591
0,EI,L/Q,P,true,true,1,1594,1.0235694662010277,1099.86,69,1.6139674603747478,1083.92,68,0.6661098817290035,-0.4063006344696156,541.96,34,-0.2293231306895986,1052.04,66,0.000415886197470136,1163.62,73,42.80736748546573,-41.945210902131,-30.618880584662996,-9.760864477156959,"[[0.000415886197470136, 73]]",1,555,-3.080637448512622
0,EI,H/C,P,true,true,1,4344,0.18123441868453938,4344,100,0.9462437418338687,3475.2,80,0.7104886468882894,-0.34180231061798316,3431.7599999999998,79,-0.4335237238240872,3431.7599999999998,79,7.215945622694606e-05,3605.52,83,58.589016218882875,-29.041504408809722,-36.61754317660531,4.977801779917073,"[[7.215945622694606e-05, 83]]",1,3459,-1.0550817995780053
0,EI,B/D,N,false,false,1,1785,1.601067059927403,1017.45,57,2.2031712164504307,946.0500000000001,53,197.976614146598,5.288148913348239,1088.8500000000001,61,2.0,1071.0,60,0.00023764400014169115,1106.7,62,604.4843455968999,73.02766850435161,59.86733536721486,25.85060198501472,"[[0.00021768751740479362, 40], [0.00023764400014169115, 62]]",2,597,5.1738634940420996
0,EI,F/S,P,false,false,1,1662,1.5162822836098213,1130.16,68,2.1201210027015653,1130.16,68,191.16716102090126,5.253148233883506,1180.02,71,2.0,1163.4,70,0.0003339995360632166,1196.64,72,792.2232698818389,95.5180651274245,70.16372859105606,27.622769813933914,"[[0.0003339995360632166, 72]]",1,602,5.124545981712982
0,EI,B/S,N,false,false,1,1786,1.492514478710487,1071.6,60,2.0669688659022913,1053.74,59,199.5014160710274,5.295821334405114,1107.32,62,2.0,1089.46,61,0.00031359318887421697,1160.8999999999999,65,1613.5748433719166,134.1504893547093,81.12643641910286,36.3844270804893,"[[0.00017116641530910722, 63], [0.00031359318887421697, 65]]",2,385,4.942822871005958
0,EI,F/S,N,false,false,1,2085,1.579686558834437,688.0500000000001,33,2.1832049251502976,688.0500000000001,33,186.11855362714653,5.2263838557617825,1438.65,69,2.0,1417.8000000000002,68,0.00010693483692460453,1501.2,72,1348.1811981555632,153.8864878337863,110.676895198388,57.86467422551372,"[[0.00017883953578695075, 17], [0.00012402760983272053, 69], [0.00010693483692460453, 72]]",3,250,4.8456135484086404
0,Control,2,N,true,true,1,943,0.2092431895958016,0,0,0.8067193827357746,414.91999999999996,44,0.6765355747390884,-0.39077024629554197,0,0,-0.525601779327695,0,0,0.00015569571215574992,528.0799999999999,56,35.08400289750919,-27.65140779819332,-33.6544045372571,13.22240878397876,"[[0.00014671918142946305, 47], [0.000152208144922887, 50], [0.00016226345580905424, 52], [0.00015569571215574992, 56]]",4,369,-1.7048974195015685
0,EI,B/S,N,true,true,1,1516,1.0510590518500713,879.28,58,1.753491819472842,864.12,57,0.8345845543144332,-0.18082121768844328,788.32,52,-0.08154888495279083,818.64,54,0.0003444742466737151,955.08,63,46.06806678466721,-23.521671752099692,-20.24020514605112,-11.221822900457443,"[[0.0003444742466737151, 63]]",1,594,-4.61800516385283
1,calibration,null,straight,right,true,null,1495,0.10027650859076619,1136.2,76,1.0126839128329612,583.05,39,0.7363182859867526,-0.3060927999481009,0,0,-0.3873417318348471,0,0,6.851101513382214e-05,702.65,47,33.285552642673196,-16.341108718475258,-19.664383461036014,0.4062507551175122,"[[9.280339541517094e-05, 45], [6.851101513382214e-05, 47]]",2,298,-0.7917053513741338
1,calibration,null,straight,left,false,null,1271,0.08960779512156997,368.59000000000003,29,1.0504342496161767,0,0,1.4061099196093967,0.3408269692867097,0,0,0.431551808177298,0,0,9.465339697554479e-05,317.75,25,35.00232617923765,8.412227776049479,10.257215798731524,0.09302635389568864,"[[0.0001273431709706143, 21], [9.465339697554479e-05, 25]]",2,210,0.288091685158447
1,calibration,null,deviated,left,false,null,1705,1.5772676523123033,579.7,34,2.176433306608616,579.7,34,200.9456592881202,5.303034519707043,852.5,50,2.0,852.5,50,0.00040424850991871235,886.6,52,816.6004344906517,88.82688582428663,68.34361992907165,35.862654861038216,"[[0.00040424850991871235, 52]]",1,250,4.970117457052126
1,calibration,null,deviated,right,true,null,2973,1.6010233279920991,1367.58,46,2.2052849822666705,1337.85,45,1.0,0.0,1664.88,56,0.0,1664.88,56,0.00010950298295482106,1724.34,58,49.62378430637877,-11.718002780194698,-8.01058819697177,-42.11087356479015,"[[0.00010950298295482106, 58]]",1,280,-3.499543759655179
1,calibration,null,uncertain,right,true,null,3153,1.02668264588348,1828.74,58,1.5774253663252469,1828.74,58,0.7212643565386581,-0.32674955627833596,346.83000000000004,11,-0.31533349984327064,1828.74,58,0.00012648418237960274,2396.28,76,32.9547291066756,-68.02040719163594,-46.46945401512181,-0.8936066222452531,"[[0.00012516959267571542, 48], [0.00012648418237960274, 76]]",2,327,-2.1316669419501313
1,calibration,null,uncertain,left,false,null,4643,0.9030138149630244,2135.78,46,1.4887052640286926,2135.78,46,45.38646484134887,3.815213929349525,2646.5099999999998,57,1.292024436820697,2135.78,46,9.71698313279866e-05,3900.12,84,315.05232251059346,67.3387820586535,40.365709996099135,-22.512952932607334,"[[9.000766196656383e-05, 56], [0.00010825258512536322, 76], [9.71698313279866e-05, 84]]",3,348,0.35634750289677936
1,practice,null,null,null,false,null,1833,1.4993803140137532,1099.8,60,2.096733455750332,1099.8,60,195.79156302286563,5.277050639397159,1356.4199999999998,74,2.0,1338.09,73,0.000357985299297273,1393.08,76,1437.217140601871,159.65252952566559,104.12506121497462,49.544473936128796,"[[0.000357985299297273, 76]]",1,235,4.979665721998136
1,practice,null,null,null,true,null,970,0.31753085886664867,649.9,67,0.9861078444333242,203.7,21,0.7263189721379191,-0.31976600508386305,0,0,-0.4036952016316946,0,0,0.00033607576665831216,242.49999999999997,25,17.94533852250944,-8.302887187434315,-10.34095310975148,0.4980815522279596,"[[0.00033607576665831216, 25]]",1,180,-0.5250291525429935
1,practice,null,null,null,false,null,1416,1.3113321150622694,750.48,53,1.8676483529050136,750.48,53,184.33976904903452,5.216780625711498,764.64,54,1.8545499181314178,750.48,53,0.00021438276574872349,807.12,57,940.8470624497477,58.089245403580804,41.82400637005987,15.445833814364441,"[[0.00015219562945110814, 44], [0.00015284251682070647, 47], [0.00021438276574872349, 57]]",3,536,5.025442060393723
1,practice,null,null,null,true,null,897,0.22750913612595824,547.1700000000001,61,0.9827858358833697,170.43,19,0.7203588445644857,-0.3280057959012342,152.49,17,-0.4101128909225924,152.49,17,0.0001337018479899735,269.1,30,19.39288883016644,-14.380533460274059,-15.752149191793123,2.859506762293366,"[[0.0002293764269395647, 24], [0.00021415175690982723, 27], [0.0001337018479899735, 30]]",3,155,-1.8845286327439692
1,practice,null,null,null,true,null,1864,1.0917185521386978,1286.16,69,1.5010191696762907,1323.44,71,0.7346747905830796,-0.3083273394761309,335.52,18,-0.40172314986446445,335.52,18,0.00023095121559665345,1472.56,79,21.14202534327064,-185.32270488570472,-87.50816003368176,29.32126783034806,"[[0.00032638944020212216, 59], [0.00023095121559665345, 79]]",2,342,-4.879971219944081
1,practice,null,null,null,true,null,1233,0.18789509670640434,813.78,66,0.9927518615332335,530.19,43,0.7101029674751332,-0.34234529484896475,493.2,40,-0.41604884386392804,505.53000000000003,41,0.00022440691028428926,591.84,48,33.45045921634666,-17.498270419350348,-20.800075230220166,1.045417555766245,"[[0.00025907287279194684, 46], [0.00022440691028428926, 48]]",2,495,-0.9882773002131661
1,EI,L/Q,N,false,true,0,759,0.12593971172227286,516.12,68,1.0126839128329612,189.75,25,0.7495404478171066,-0.2882949964952094,0,0,-0.37356228183506857,0,0,0.0005185823878186604,288.42,38,26.61096335160638,-14.066685900161351,-17.031997391539683,1.8020112290809835,"[[0.0007099362374497477, 34], [0.0005185823878186604, 38]]",2,195,-1.1727654624473374
1,EI,B/D,P,true,true,1,655,0.19015206036654608,655,100,0.9063796392344132,176.85,27,0.6770620467680195,-0.3899923606859433,0,0,-0.47990090189382983,0,0,0.00035013594573337584,281.65,43,25.129334767652523,-26.88669557033524,-28.225169330159638,9.282046468584852,"[[0.0005020685441622532, 34], [0.00035013594573337584, 43]]",2,171,-2.6582532915907024
1,EI,L/Q,N,true,true,1,1262,0.15132628481746727,0,0,1.0226499384828251,0,0,0.761883164094459,-0.2719620630114517,0,0,-0.35929952522412045,0,0,5.9003340895291844e-05,883.4,70,27.58970258001419,-95.64685647418688,-74.13030180352328,31.090318876996918,"[[8.65110101604087e-05, 23], [0.00010797600209668682, 28], [5.9003340895291844e-05, 70]]",3,266,-2.8181294602213383
1,EI,B/D,N,true,true,1,846,0.14010828438496412,846,100,0.9628537845836419,152.28000000000003,18,0.731400195230584,-0.31279450633965095,143.82000000000002,17,-0.40850192008304864,143.82000000000002,17,0.0003600574544995568,203.04000000000002,24,17.262268952508393,-7.932272338311172,-10.210859946471057,1.2317030148455737,"[[0.0003600574544995568, 24]]",1,145,-0.5507045965763996
1,Control,1,N,false,true,0,827,0.12660728463987514,827,100,0.9130236563343226,157.13,19,0.6937863929944588,-0.36559115692699395,0,0,-0.4621713448738045,0,0,0.00020203427559740557,248.1,30,19.34056157133264,-13.626763388773067,-16.23385246104464,4.398221443085776,"[[0.0002675733095038005, 25], [0.00020203427559740557, 30]]",2,154,-1.2010425729796204
1,EI,F/S,N,true,true,1,812,0.16299609007078816,812,100,0.9993958786331427,162.39999999999998,20,0.7320096162961537,-0.3119616280905119,162.39999999999998,20,-0.39359243556287127,162.39999999999998,20,0.00025510866292259365,284.2,35,21.697794327030252,-20.044830786431316,-21.023143547495604,5.419561586673096,"[[0.00037321608043432294, 27], [0.00025510866292259365, 35]]",2,163,-2.4398257815009576
1,Control,3,P,false,true,0,833,0.2889032576791107,416.5,50,0.952887758933778,133.28,16,0.7096188843444243,-0.343027235679626,0,0,-0.43154666847040213,0,0,0.0002040880546371332,266.56,32,17.952320993340805,-25.587417680470477,-23.37003049782794,8.085309630654027,"[[0.0003865624442171559, 24], [0.0002040880546371332, 32]]",2,139,-2.6249772389550046
1,EI,L/Q,P,false,true,0,906,0.16664353712981678,697.62,77,0.9063796392344132,226.5,25,0.678416761179584,-0.38799348788220195,0,0,-0.4786999539854617,0,0,0.0005188387157777956,317.1,35,22.790523642073115,-15.255008030235379,-18.22237249766157,4.36206680270465,"[[0.0003490121197495143, 32], [0.0005188387157777956, 35]]",2,227,-1.0953091639177999
1,EI,F/S,P,true,true,1,962,0.1855002297209112,163.54,17,1.0392599812325982,182.77999999999997,19,0.7758132756867298,-0.25384341186858456,163.54,17,-0.3413596446197191,163.54,17,0.00018508071591096838,278.97999999999996,29,20.706278351776444,-10.44527235146151,-12.541853923589644,0.8836358957334103,"[[0.0002775687249852409, 24], [0.00018508071591096838, 29]]",2,171,-1.3696925722862239
1,Control,2,P,true,true,1,795,0.15648970923876943,0,0,1.0392599812325982,214.65,27,0.7678376918108762,-0.264176906957575,0,0,-0.34816133831863394,0,0,0.00023209119897778412,278.25,35,26.030351860581668,-10.515844963559884,-13.388834434463622,-0.3360235776637096,"[[0.0003649728550096505, 33], [0.00023209119897778412, 35]]",2,198,-0.8096014507427106
1,EI,F/S,P,false,true,0,809,0.14163033339777542,0,0,1.0658360496322352,145.62,18,0.7694532579024047,-0.26207507101482275,0,0,-0.33719649455207557,0,0,0.00037885137543794493,218.43,27,19.947829444303608,-8.29717639830553,-10.23231553018224,-0.7984163952620651,"[[0.00022812506668187934, 24], [0.00037885137543794493, 27]]",2,138,-0.7480302836180204
1,Control,2,N,true,true,1,829,0.07692258603430949,431.0799999999999,52,0.9628537845836419,174.08999999999997,21,0.7166658616140974,-0.3331455698583356,0,0,-0.4213534498671103,0,0,0.0003808758662288579,240.40999999999997,29,20.21188413186701,-10.543440854196621,-13.045084327320309,1.7598154200889047,"[[0.00022030196054103652, 26], [0.0003808758662288579, 29]]",2,171,-0.720176452336988
1,EI,H/C,P,true,true,1,690,0.26337517325720816,282.90000000000003,41,0.979463827333415,0,0,0.7210573872467146,-0.3270365509024631,0,0,-0.4108546050783497,0,0,0.011695138504064386,6.9,1,0.39665376226640425,-1.4773288013701578,-1.1960359578802935,0.5773417168450904,"[[0.011695138504064386, 1]]",1,5,-2.6276210518378527
1,EI,L/Q,P,true,true,1,760,0.24332115942490196,760,100,0.8798035708347763,281.2,37,0.6689032839196722,-0.4021157974369178,0,0,-0.4989488614869457,0,0,0.00020736991660131422,387.59999999999997,51,30.809137127605037,-28.411956488061833,-31.569375335752717,10.315102714262297,"[[0.0003048241917375258, 43], [0.00020736991660131422, 51]]",2,275,-2.221565810884342
1,EI,B/S,N,false,true,0,848,0.19614508884795095,0,0,1.1787843403306923,330.72,39,0.7961977445235441,-0.22790770122130904,0,0,-0.27662067831839465,0,0,0.00041400676977447845,381.6,45,35.57226159759088,-10.595900436991501,-12.751137092510112,-7.758994862941585,"[[0.00041400676977447845, 45]]",1,324,-0.4324816946869905
1,EI,L/Q,N,true,true,1,1186,0.31678632982998184,1186,100,1.0824460923820083,189.76,16,0.78353927679667,-0.24393408851697224,189.76,16,-0.31965374932685453,189.76,16,0.0003785567749736623,260.91999999999996,22,16.99591564173613,-5.698093009507768,-7.402713146251821,-1.3968770443207525,"[[0.0003785567749736623, 22]]",1,192,-0.49813385711903607
1,EI,H/C,N,true,true,1,905,0.2971671119845859,389.15000000000003,43,0.8631935280850032,190.05,21,0.7134192318356172,-0.3376860484229249,162.9,18,-0.4663715052487085,171.95000000000002,19,0.0003803816908219315,235.3,26,18.21346164860354,-9.28968146733554,-12.613333552938602,4.018291444611428,"[[0.0003803816908219315, 26]]",1,171,-0.6360489615550888
1,EI,B/S,P,true,true,1,857,0.23733753200078656,411.36,48,1.102378143681736,162.83,19,0.7670715481137887,-0.2651751988966508,145.69,17,-0.32589494319316725,145.69,17,0.00042178190355391396,214.25,25,18.8676035741047,-7.060996030069801,-8.55277190619252,-2.1768493316287123,"[[0.00042178190355391396, 25]]",1,147,-0.5167927419392582
1,EI,B/D,P,true,true,1,852,0.2588444821988334,477.12,56,1.1090221607816453,153.35999999999999,18,0.786021603075446,-0.2407710021018198,0,0,-0.30839584143172405,0,0,0.00031083752528452617,272.64,32,21.548273210219584,-15.084153996332828,-16.521789993010756,2.1277084136244104,"[[0.0004869916228319053, 26], [0.00031083752528452617, 32]]",2,158,-2.114616351792855
1,EI,H/C,N,false,true,0,905,0.14171260264314486,905,100,1.0126839128329612,199.10000000000002,22,0.7522584419926008,-0.2846753412117873,0,0,-0.3712415396350164,0,0,0.00026654462884578687,280.55,31,21.842242522769666,-11.257932752017876,-13.592804568749324,1.1460905819561709,"[[0.0002291669766764584, 25], [0.0003125695600022923, 27], [0.00026654462884578687, 31]]",3,180,-1.0444110271913554
1,Control,2,P,false,true,0,938,0.18831523755463914,938,100,1.0724800667321444,375.20000000000005,40,0.7395844260842365,-0.30166683690526447,365.82000000000005,39,-0.3588673708503931,365.82000000000005,39,0.00014097441618506382,469.00000000000006,50,35.626623326225484,-17.3395342837505,-19.92193762297544,-1.9740096744127003,"[[0.00027071618722381084, 46], [0.00014097441618506382, 50]]",2,366,-1.0524954775319317
1,EI,B/S,N,true,true,1,655,0.20459394242990173,655,100,0.9063796392344132,170.29999999999998,26,0.6979296714113665,-0.3596369385864272,0,0,-0.4612759079503219,0,0,0.00032279291749019983,242.35,37,24.42620719832113,-15.754861713961647,-19.235109989971104,5.045945890980863,"[[0.0005443332839835586, 34], [0.00032279291749019983, 37]]",2,164,-1.1690556082655523
1,EI,F/S,N,false,true,0,1211,0.2522887580893334,1211,100,0.9562097674837327,157.43,13,0.7320647974067203,-0.31188624789115016,0,0,-0.41053108729418075,0,0,0.00031174519875856954,230.08999999999997,19,13.460252906580989,-6.616948039705412,-8.443199023639776,1.3365428185117372,"[[0.00031174519875856954, 19]]",1,155,-0.7539373993243749
1,EI,H/C,N,false,true,0,856,0.19423971896178308,856,100,0.9462437418338687,154.08,18,0.7253943210824755,-0.3210398808344018,0,0,-0.4203884175137276,0,0,0.0002596445409437466,256.8,30,20.219747847612823,-12.235104319298745,-15.048519959014296,3.5418118573310315,"[[0.0003784347969680925, 26], [0.0002596445409437466, 30]]",2,155,-1.0829534084115948
1,EI,L/Q,P,true,true,1,666,0.20103067616107456,666,100,1.0060398957330519,86.58,13,0.735438311677715,-0.30728861509212096,79.92,12,-0.38808587777136005,79.92,12,0.0004593792075621539,193.14000000000001,29,18.859530615097633,-13.220597881828962,-15.079457456478531,2.8691106986278685,"[[0.0004208023862656584, 26], [0.0004593792075621539, 29]]",2,83,-1.225183416548994
1,EI,F/S,N,true,true,1,1116,0.2132387056502476,1116,100,1.0591920325323259,178.56,16,0.7788471115310954,-0.249940514849518,178.56,16,-0.3317248323266142,178.56,16,0.0003433485812368394,245.52,22,16.79176863159028,-5.981620810080466,-7.800440714637879,-0.8003356639840263,"[[0.0003433485812368394, 22]]",1,179,-0.5785516046835455
1,Control,2,N,false,true,0,1121,0.15308979203827458,0,0,1.0691580581821898,280.25,25,0.7736522308049893,-0.2566328205697242,0,0,-0.3325292233701025,0,0,0.0002962662101060468,347.51000000000005,31,23.541071014931667,-8.591514542836833,-10.892569116186811,-1.6427203369017809,"[[0.0002962662101060468, 31]]",1,289,-0.6608896330111604
1,EI,H/C,P,true,true,1,986,0.2804455497312782,443.7,45,1.0558700239823713,207.06,21,0.7496355630180599,-0.28816810652312674,0,0,-0.35933079173082216,177.48,18,0.00029261040520064637,266.21999999999997,27,19.09205834699606,-9.799479920425105,-11.27467499906457,-0.22071587869442122,"[[0.0004197186263387168, 24], [0.00029261040520064637, 27]]",2,162,-1.3431735494000934
1,EI,B/S,N,true,true,1,844,0.2264139391573642,346.03999999999996,41,1.0060398957330519,0,0,0.7348542862854145,-0.30808304937523673,0,0,-0.3885793850540218,0,0,0.0004522987611716384,244.76,29,20.500822160558876,-10.180731765721466,-12.498472479826198,0.9309599327871142,"[[0.000286821306465977, 24], [0.0004522987611716384, 29]]",2,190,-0.7955378677297289
1,EI,F/S,P,false,true,0,907,0.2773406764049675,516.99,57,0.8897695964846402,190.47,21,0.6880654986750315,-0.3738712440176287,0,0,-0.47725465773809383,0,0,0.00018177888124364935,272.1,30,19.4075639707473,-13.4685197237937,-16.426715271192172,4.9484611560084595,"[[0.0003095008923426298, 27], [0.00018177888124364935, 30]]",2,179,-1.2213038059641255
1,EI,H/C,P,false,true,0,687,0.1411217611836561,96.18,14,0.8997356221345041,109.92,16,0.7068005278575193,-0.34700679170959764,96.18,14,-0.4560235386238314,96.18,14,0.00013901266579288872,185.49,27,18.47717693670065,-10.288076916619929,-13.196368325944377,3.4163437230293905,"[[0.0001942909392248167, 21], [0.00010045738981461764, 24], [0.00013901266579288872, 27]]",3,97,-0.5846304380902145
1,Control,1,N,true,true,1,736,0.13574389769861012,0,0,0.9296336990840957,110.4,15,0.7217336361266066,-0.3260991331912937,0,0,-0.43030837821357726,0,0,0.00023303905677405067,206.08,28,18.664596162528326,-11.686848208666678,-14.489220008201602,3.9436299555292833,"[[0.00037781238057822827, 24], [0.00023303905677405067, 28]]",2,104,-0.9443554073927363
1,EI,B/S,N,false,true,0,770,0.142696332081664,161.70000000000002,21,0.9097016477843679,192.5,25,0.7135648521871292,-0.3374819531514388,161.70000000000002,21,-0.4457673309385253,161.70000000000002,21,0.00023952751814902817,331.1,43,27.789179194927904,-19.953341826932057,-23.937102408639845,7.361290456227374,"[[0.00033442804069053124, 38], [0.00023952751814902817, 43]]",2,162,-1.470519314782685
1,EI,B/D,P,false,true,0,630,0.12368267094880642,0,0,1.0060398957330519,138.6,22,0.7489755009120682,-0.2890490050625299,0,0,-0.37656083168468424,0,0,0.00024743481420517186,289.8,46,27.1837148791922,-32.20042195869748,-30.35467309177141,8.817801136551546,"[[0.00038449173031882315, 36], [0.00024051803175499393, 39], [0.00024743481420517186, 46]]",3,136,-3.4102978375563273
1,Control,1,P,true,true,1,930,0.25263945529064163,613.8000000000001,66,0.9728198102335057,241.8,26,0.7188070015468305,-0.3301623835152329,0,0,-0.4154658475096791,0,0,0.00017846924506161892,325.5,35,23.956186545786647,-13.617039771507311,-16.395541173055438,2.419221476788881,"[[0.00028422780980071896, 32], [0.00017846924506161892, 35]]",2,234,-1.132106981468389
1,EI,B/D,P,false,true,0,792,0.17736831656711893,530.64,67,0.9694978016835512,213.84,27,0.7189021506206067,-0.33003002145330734,205.92,26,-0.41672744809157436,205.92,26,0.00017106174778647333,300.96,38,25.462003384691833,-15.870918963184007,-18.915309520305478,3.658891542396772,"[[0.00029310370016384136, 31], [0.00017106174778647333, 38]]",2,209,-1.2352998687340295
1,Control,3,N,true,true,1,874,0.289726394723991,515.66,59,1.0060398957330519,209.76,24,0.7319094732952902,-0.3120984430302606,0,0,-0.3910633290846497,0,0,0.0003260747055552505,270.94,31,22.03445729625409,-10.705222254085001,-13.098600615474043,0.6592047754465091,"[[0.00029085150173309323, 28], [0.0003260747055552505, 31]]",2,210,-0.8302915542616629
1,Control,3,N,false,true,0,731,0.22882887683838757,467.84,64,0.9993958786331427,197.36999999999998,27,0.725431565481499,-0.3209885384929443,175.44,24,-0.39915237866012987,175.44,24,0.00028792975257165075,241.23,33,23.377728800674966,-11.463810748226972,-13.962958074039966,0.6692061638907753,"[[0.000342922414769691, 30], [0.00028792975257165075, 33]]",2,181,-0.7339312213838879
1,EI,B/S,P,true,true,1,622,0.18340048912195248,0,0,1.0093619042830067,136.84,22,0.7667307591714286,-0.26561957030794586,0,0,-0.35996359285376633,0,0,0.00037774456764338337,242.57999999999998,39,26.61705874719903,-16.1039313998497,-19.430708485876405,4.0607552761802586,"[[0.0005130478666985163, 31], [0.00037774456764338337, 39]]",2,128,-1.318052466086088
1,EI,H/C,N,true,true,1,599,0.12104377013558056,599,100,0.9728198102335057,143.76,24,0.7023855533572645,-0.35327280441650283,0,0,-0.4294817131092259,0,0,0.0005158540140391401,257.57,43,25.470858310657512,-25.58826662683356,-26.72010572954234,7.161800151681989,"[[0.0003627071411296847, 30], [0.0004133403173403573, 38], [0.0005158540140391401, 43]]",3,145,-1.9841528932382422
1,EI,B/S,P,false,true,0,768,0.075269162052136,168.95999999999998,22,0.9163456648842772,69.12,9,0.6817630689147195,-0.38307308778162025,53.76,7,-0.4713935717897042,53.76,7,0.0001069492785017687,199.68,26,15.469384776929912,-14.014897614244605,-16.028337058559565,5.2118600490353115,"[[0.0001677457817577479, 15], [0.0001069492785017687, 26]]",2,56,-1.115766951026263
1,Control,1,P,false,true,0,1622,0.1906340489676922,0,0,1.0027178871830973,259.52,16,0.7666028566392644,-0.26578639966737816,0,0,-0.36249025321008843,0,0,0.00015948736218057832,373.05999999999995,23,16.920579026331488,-7.207621958183242,-9.380887584029132,0.8107348317336518,"[[0.00015948736218057832, 23]]",1,258,-0.8923897836518193
1,EI,L/Q,N,false,true,0,767,0.36872075275074895,406.51,53,0.9163456648842772,184.07999999999998,24,0.7186121716354661,-0.33043346646193694,0,0,-0.43848474119266845,0,0,0.0006498236218221165,237.77,31,21.626009750701137,-11.283940678280596,-14.59707624919422,3.4023006448248156,"[[0.00032935538260294415, 28], [0.0006498236218221165, 31]]",2,169,-0.8641656587462665
1,EI,B/D,N,false,true,0,740,0.15426019767426602,140.6,19,1.1057001522316907,155.4,21,0.7793573569419735,-0.2492856002482068,140.6,19,-0.3149171361268901,140.6,19,0.0005892075975426263,236.8,32,22.701273482883153,-12.051436438554783,-13.516626441429038,-0.5936301057642764,"[[0.0003449231459047111, 27], [0.0005816124514976119, 29], [0.0005892075975426263, 32]]",3,141,-1.6136188275429098
1,EI,L/Q,P,false,true,0,647,0.11065681685810559,103.52,16,1.0060398957330519,135.87,21,0.7451205589472107,-0.2942092496044675,103.52,16,-0.3798600652855566,103.52,16,0.00033727264194766967,245.85999999999999,38,23.188492105036833,-23.40054532096725,-23.231028711257892,5.865558527556477,"[[0.0002615185612905989, 25], [0.0002577159775823656, 28], [0.00033727264194766967, 38]]",3,105,-2.70882172831748
1,EI,B/D,N,false,true,0,865,0.15430946149068356,242.20000000000002,28,1.1389202377312369,155.70000000000002,18,0.7751400732754606,-0.2547115262499719,138.4,16,-0.30646656495150437,138.4,16,0.0002035593034946638,250.85000000000002,29,19.94645216487869,-11.98851071466392,-12.34925149188141,-1.4377575115662595,"[[0.00024363689956732236, 21], [0.0001641357928178489, 24], [0.0002035593034946638, 29]]",3,145,-1.5071394688749071
1,Control,3,P,true,true,1,763,0.16772257496575124,0,0,1.102378143681736,190.75,25,0.783782816700028,-0.2436233165239931,0,0,-0.312512600974574,0,0,0.00033798900134582874,251.79,33,25.591621618064266,-8.404093079614524,-10.659713994802331,-3.051052581707271,"[[0.00033798900134582874, 33]]",1,190,-0.4156231305269666
1,EI,B/D,N,true,true,1,573,0.07952103345667216,85.95,15,0.9894298529832788,114.60000000000001,20,0.7298136904492435,-0.3149659959761802,85.95,15,-0.3993911795988452,85.95,15,0.0002203178402616344,257.85,45,24.793406818205714,-35.10766158353404,-32.59272234902309,10.576310188441674,"[[0.000379443306788143, 28], [0.000386378301951372, 41], [0.0002203178402616344, 45]]",3,87,-3.1126145579896733
1,EI,F/S,N,false,true,0,834,0.11994456765637976,834,100,1.0558700239823713,175.14,21,0.7586211211660893,-0.276252807818475,0,0,-0.34978024461596124,0,0,0.00026528290942343243,275.21999999999997,33,22.919703718968158,-12.742765615444494,-14.466128279658278,0.29877340664749524,"[[0.0002848912380955569, 27], [0.0003481672351197142, 30], [0.00026528290942343243, 33]]",3,161,-1.243052043790921
1,EI,H/C,P,false,true,0,804,0.13874703412166572,0,0,1.1189881864315092,176.88,22,0.7723851385139419,-0.2582719692732365,0,0,-0.31572065083348155,0,0,0.00047524000126397453,241.2,30,22.69864962573198,-8.412862511089005,-10.105758672304136,-2.9474167814960257,"[[0.00047524000126397453, 30]]",1,181,-0.578919502975391
1,EI,F/S,P,true,true,1,768,0.5357687673074866,483.84,63,0.9761418187834604,168.95999999999998,22,0.737457961052246,-0.30454619435589203,153.6,20,-0.3979990900037451,153.6,20,0.00016643160103888514,245.76,32,22.287348585918647,-11.929069097433587,-14.860047917273027,2.566105445114811,"[[0.0003033410709290221, 27], [0.00016643160103888514, 32]]",2,161,-1.0497193265016536
1,EI,B/S,P,false,true,0,688,0.14570676058866072,0,0,0.8764815622848217,151.35999999999999,22,0.6938529662349462,-0.3654952051365007,0,0,-0.47764735522755686,0,0,0.00034430061156027987,268.32,39,23.154917814461534,-22.450412183734237,-25.275779261524907,9.311917224076273,"[[0.0003531893934991602, 27], [0.0005368704922213046, 31], [0.00034430061156027987, 39]]",3,145,-1.802496317552834
